<resources>
    <string name="app_name">VES</string>
    <string name="action_settings">Settings</string>
	<string name="bestof_prompt">Choices</string>
	<string name="selecttime_prompt">Select Time</string>
	<string name="selectdivision_prompt">Select Time</string>
	
	<string-array name="bestof_array">
		<item>3</item>
		<item>5</item>
	</string-array>

	<string-array name="time_array">
		<item>12:00nn</item>
		<item>12:30pm</item>
		<item>1:00pm</item>
		<item>1:30pm</item>
		<item>2:00pm</item>
		<item>2:30pm</item>
		<item>3:00pm</item>
		<item>3:30pm</item>
		<item>4:00pm</item>
		<item>4:30pm</item>
		<item>5:00pm</item>
		<item>5:30pm</item>
		<item>6:00pm</item>
		<item>6:30pm</item>
		<item>7:00pm</item>
	</string-array>


	<string-array name="division_array">
		<item>MALE</item>
		<item>FEMALE</item>
	</string-array>
	
</resources>
